field_name	requiredness	filled_by	value_rule
source_id	required	router	Must match a source_id in source-registry.tsv
source_label	required	router	Must match a source_label in source-registry.tsv
source_category	required	router	Must match a source_category in source-registry.tsv
input_mode	required	caller_or_router	Must be one of: url / file / text / asset
raw_dir	required	router	Must be a relative directory under raw/
original_ref	required	caller	Stores the original URL, file path, or paste description
ingest_text	required	adapter_or_user	Must be non-empty text before entering the main pipeline
adapter_name	required_may_be_empty	router_or_adapter	Leave empty for core pipeline and manual entry; write actual adapter name for adapter sources
fallback_hint	required	router	Must provide a user-actionable manual fallback instruction
